city,date_from,date_to,pattern,state,status,territory_id,url
Garrafão do Norte,2018-07-31,2024-09-13,ADIARIOS_v1,pa,atual,1503077,https://www.garrafaodonorte.pa.gov.br/diariooficial.php
Garrafão do Norte,2018-07-31,2024-09-13,ADIARIOS_v1,pa,atual,1503077,https://www.garrafaodonorte.pa.gov.br/diariooficial.php
Mãe do Rio,2022-08-24,2022-09-20,ADIARIOS_v1,pa,descontinuado,1504059,https://www.prefeituramaedorio.pa.gov.br/diariooficial.php
Mãe do Rio,2022-08-24,2022-09-20,ADIARIOS_v1,pa,descontinuado,1504059,https://www.prefeituramaedorio.pa.gov.br/diariooficial.php
Tartarugalzinho,2017-05-16,2024-09-23,ADIARIOS_v1,ap,atual,1600709,https://www.tartarugalzinho.ap.gov.br/diariooficial.php
Ulianópolis,2022-06-08,2023-02-06,ADIARIOS_v1,pa,descontinuado,1508126,https://www.ulianopolis.pa.gov.br/diariooficial.php
Ulianópolis,2022-06-08,2023-02-06,ADIARIOS_v1,pa,descontinuado,1508126,https://www.ulianopolis.pa.gov.br/diariooficial.php
Ulianópolis,2022-06-08,2023-02-06,ADIARIOS_v1,pa,descontinuado,1508126,https://www.ulianopolis.pa.gov.br/diariooficial.php
Ulianópolis,2022-06-08,2023-02-06,ADIARIOS_v1,pa,descontinuado,1508126,https://www.ulianopolis.pa.gov.br/diariooficial.php
Tartarugalzinho,2017-05-16,2024-09-23,ADIARIOS_v1,ap,atual,1600709,https://www.tartarugalzinho.ap.gov.br/diariooficial.php
Tartarugalzinho,2017-05-16,2024-09-23,ADIARIOS_v1,ap,atual,1600709,https://www.tartarugalzinho.ap.gov.br/diariooficial.php
Tartarugalzinho,2017-05-16,2024-09-23,ADIARIOS_v1,ap,atual,1600709,https://www.tartarugalzinho.ap.gov.br/diariooficial.php
Anajatuba,2021-02-12,2024-09-23,ADIARIOS_v1,ma,atual,2100709,https://www.anajatuba.ma.gov.br/diariooficial.php
Arame,2017-02-10,2024-09-17,ADIARIOS_v1,ma,atual,2100956,https://www.arame.ma.gov.br/diariooficial.php
Anajatuba,2021-02-12,2024-09-23,ADIARIOS_v1,ma,atual,2100709,https://www.anajatuba.ma.gov.br/diariooficial.php
Anajatuba,2021-02-12,2024-09-23,ADIARIOS_v1,ma,atual,2100709,https://www.anajatuba.ma.gov.br/diariooficial.php
Arame,2017-02-10,2024-09-17,ADIARIOS_v1,ma,atual,2100956,https://www.arame.ma.gov.br/diariooficial.php
Anajatuba,2021-02-12,2024-09-23,ADIARIOS_v1,ma,atual,2100709,https://www.anajatuba.ma.gov.br/diariooficial.php
Arame,2017-02-10,2024-09-17,ADIARIOS_v1,ma,atual,2100956,https://www.arame.ma.gov.br/diariooficial.php
Arame,2017-02-10,2024-09-17,ADIARIOS_v1,ma,atual,2100956,https://www.arame.ma.gov.br/diariooficial.php
Barreirinhas,2017-01-02,2021-05-25,ADIARIOS_v1,ma,descontinuado,2101707,https://www.barreirinhas.ma.gov.br/diariooficial.php
Bom Jardim,2017-07-19,2024-09-24,ADIARIOS_v1,ma,atual,2102002,https://www.bomjardim.ma.gov.br/diariooficial.php
Barreirinhas,2017-01-02,2021-05-25,ADIARIOS_v1,ma,descontinuado,2101707,https://www.barreirinhas.ma.gov.br/diariooficial.php
Barreirinhas,2017-01-02,2021-05-25,ADIARIOS_v1,ma,descontinuado,2101707,https://www.barreirinhas.ma.gov.br/diariooficial.php
Barreirinhas,2017-01-02,2021-05-25,ADIARIOS_v1,ma,descontinuado,2101707,https://www.barreirinhas.ma.gov.br/diariooficial.php
Bom Jardim,2017-07-19,2024-09-24,ADIARIOS_v1,ma,atual,2102002,https://www.bomjardim.ma.gov.br/diariooficial.php
Bom Lugar,2013-01-13,2024-09-23,ADIARIOS_v1,ma,atual,2102077,https://www.bomlugar.ma.gov.br/diariooficial.php
Bom Lugar,2013-01-13,2024-09-23,ADIARIOS_v1,ma,atual,2102077,https://www.bomlugar.ma.gov.br/diariooficial.php
Buriticupu,2018-05-07,2024-09-17,ADIARIOS_v1,ma,atual,2102325,https://www.buriticupu.ma.gov.br/diariooficial.php
Buriticupu,2018-05-07,2024-09-17,ADIARIOS_v1,ma,atual,2102325,https://www.buriticupu.ma.gov.br/diariooficial.php
Buriticupu,2018-05-07,2024-09-17,ADIARIOS_v1,ma,atual,2102325,https://www.buriticupu.ma.gov.br/diariooficial.php
Buriticupu,2018-05-07,2024-09-17,ADIARIOS_v1,ma,atual,2102325,https://www.buriticupu.ma.gov.br/diariooficial.php
Cantanhede,2009-01-05,2024-09-20,ADIARIOS_v1,ma,atual,2102705,https://www.cantanhede.ma.gov.br/diariooficial.php
Carutapera,2021-02-18,2024-09-23,ADIARIOS_v1,ma,atual,2102903,https://www.carutapera.ma.gov.br/diariooficial.php
Cantanhede,2009-01-05,2024-09-20,ADIARIOS_v1,ma,atual,2102705,https://www.cantanhede.ma.gov.br/diariooficial.php
Cantanhede,2009-01-05,2024-09-20,ADIARIOS_v1,ma,atual,2102705,https://www.cantanhede.ma.gov.br/diariooficial.php
Cantanhede,2009-01-05,2024-09-20,ADIARIOS_v1,ma,atual,2102705,https://www.cantanhede.ma.gov.br/diariooficial.php
Carutapera,2021-02-18,2024-09-23,ADIARIOS_v1,ma,atual,2102903,https://www.carutapera.ma.gov.br/diariooficial.php
Carutapera,2021-02-18,2024-09-23,ADIARIOS_v1,ma,atual,2102903,https://www.carutapera.ma.gov.br/diariooficial.php
Carutapera,2021-02-18,2024-09-23,ADIARIOS_v1,ma,atual,2102903,https://www.carutapera.ma.gov.br/diariooficial.php
Itapecuru Mirim,2021-03-29,2024-09-23,ADIARIOS_v1,ma,atual,2105401,https://www.itapecurumirim.ma.gov.br/diariooficial.php
Lago da Pedra,2018-12-31,2024-09-23,ADIARIOS_v1,ma,atual,2105708,https://www.lagodapedra.ma.gov.br/diariooficial.php
Icatu,2021-03-29,2024-09-23,ADIARIOS_v1,ma,atual,2105104,https://www.icatu.ma.gov.br/diariooficial.php
Itapecuru Mirim,2021-03-29,2024-09-23,ADIARIOS_v1,ma,atual,2105401,https://www.itapecurumirim.ma.gov.br/diariooficial.php
Lago da Pedra,2018-12-31,2024-09-23,ADIARIOS_v1,ma,atual,2105708,https://www.lagodapedra.ma.gov.br/diariooficial.php
Icatu,2021-03-29,2024-09-23,ADIARIOS_v1,ma,atual,2105104,https://www.icatu.ma.gov.br/diariooficial.php
Icatu,2021-03-29,2024-09-23,ADIARIOS_v1,ma,atual,2105104,https://www.icatu.ma.gov.br/diariooficial.php
Icatu,2021-03-29,2024-09-23,ADIARIOS_v1,ma,atual,2105104,https://www.icatu.ma.gov.br/diariooficial.php
Lima Campos,2013-01-02,2024-09-23,ADIARIOS_v1,ma,atual,2106003,https://www.limacampos.ma.gov.br/diariooficial.php
Lima Campos,2013-01-02,2024-09-23,ADIARIOS_v1,ma,atual,2106003,https://www.limacampos.ma.gov.br/diariooficial.php
Matões do Norte,2010-03-29,2024-09-20,ADIARIOS_v1,ma,atual,2106631,https://www.matoesdonorte.ma.gov.br/diariooficial.php
Matões do Norte,2010-03-29,2024-09-20,ADIARIOS_v1,ma,atual,2106631,https://www.matoesdonorte.ma.gov.br/diariooficial.php
Paço do Lumiar,2017-08-03,2024-09-23,ADIARIOS_v1,ma,atual,2107506,https://www.pacodolumiar.ma.gov.br/diariooficial.php
Pindaré-Mirim,2020-01-02,2024-09-17,ADIARIOS_v1,ma,atual,2108504,https://www.pindaremirim.ma.gov.br/diariooficial.php
Paço do Lumiar,2017-08-03,2024-09-23,ADIARIOS_v1,ma,atual,2107506,https://www.pacodolumiar.ma.gov.br/diariooficial.php
Maracaçumé,2019-10-20,2024-09-19,ADIARIOS_v1,ma,atual,2106326,https://www.maracacume.ma.gov.br/diariooficial.php
Pindaré-Mirim,2020-01-02,2024-09-17,ADIARIOS_v1,ma,atual,2108504,https://www.pindaremirim.ma.gov.br/diariooficial.php
Maracaçumé,2019-10-20,2024-09-19,ADIARIOS_v1,ma,atual,2106326,https://www.maracacume.ma.gov.br/diariooficial.php
Maracaçumé,2019-10-20,2024-09-19,ADIARIOS_v1,ma,atual,2106326,https://www.maracacume.ma.gov.br/diariooficial.php
Maracaçumé,2019-10-20,2024-09-19,ADIARIOS_v1,ma,atual,2106326,https://www.maracacume.ma.gov.br/diariooficial.php
Pedreiras,2015-02-20,2024-09-23,ADIARIOS_v1,ma,atual,2108207,https://www.pedreiras.ma.gov.br/diariooficial.php
Pedreiras,2015-02-20,2024-09-23,ADIARIOS_v1,ma,atual,2108207,https://www.pedreiras.ma.gov.br/diariooficial.php
Pedreiras,2015-02-20,2024-09-23,ADIARIOS_v1,ma,atual,2108207,https://www.pedreiras.ma.gov.br/diariooficial.php
Pedreiras,2015-02-20,2024-09-23,ADIARIOS_v1,ma,atual,2108207,https://www.pedreiras.ma.gov.br/diariooficial.php
Santa Luzia do Paruá,2023-11-24,2024-09-23,ADIARIOS_v1,ma,atual,2110039,https://www.santaluziadoparua.ma.gov.br/diariooficial.php
Pio XII,2017-03-09,2024-07-31,ADIARIOS_v1,ma,descontinuado,2108702,https://www.pioxii.ma.gov.br/diariooficial.php
Santa Luzia do Paruá,2023-11-24,2024-09-23,ADIARIOS_v1,ma,atual,2110039,https://www.santaluziadoparua.ma.gov.br/diariooficial.php
Pio XII,2017-03-09,2024-07-31,ADIARIOS_v1,ma,descontinuado,2108702,https://www.pioxii.ma.gov.br/diariooficial.php
Trizidela do Vale,2015-12-09,2024-09-23,ADIARIOS_v1,ma,atual,2112233,https://www.trizideladovale.ma.gov.br/diariooficial.php
Vargem Grande,2017-01-08,2024-09-23,ADIARIOS_v1,ma,atual,2112704,https://www.vargemgrande.ma.gov.br/diariooficial.php
Vila Nova dos Martírios,2021-06-14,2024-09-12,ADIARIOS_v1,ma,atual,2112852,https://www.vilanovadosmartirios.ma.gov.br/diariooficial.php
Vila Nova dos Martírios,2021-06-14,2024-09-12,ADIARIOS_v1,ma,atual,2112852,https://www.vilanovadosmartirios.ma.gov.br/diariooficial.php
Trizidela do Vale,2015-12-09,2024-09-23,ADIARIOS_v1,ma,atual,2112233,https://www.trizideladovale.ma.gov.br/diariooficial.php
Vargem Grande,2017-01-08,2024-09-23,ADIARIOS_v1,ma,atual,2112704,https://www.vargemgrande.ma.gov.br/diariooficial.php
Aurora,2021-08-02,2024-09-23,ADIARIOS_v1,ce,atual,2301703,https://www.aurora.ce.gov.br/diariooficial.php
Aurora,2021-08-02,2024-09-23,ADIARIOS_v1,ce,atual,2301703,https://www.aurora.ce.gov.br/diariooficial.php
Aurora,2021-08-02,2024-09-23,ADIARIOS_v1,ce,atual,2301703,https://www.aurora.ce.gov.br/diariooficial.php
Aurora,2021-08-02,2024-09-23,ADIARIOS_v1,ce,atual,2301703,https://www.aurora.ce.gov.br/diariooficial.php
Canindé,2017-08-03,2024-09-19,ADIARIOS_v1,ce,atual,2302800,https://www.caninde.ce.gov.br/diariooficial.php
Canindé,2017-08-03,2024-09-19,ADIARIOS_v1,ce,atual,2302800,https://www.caninde.ce.gov.br/diariooficial.php
Caririaçu,2018-01-23,2024-09-23,ADIARIOS_v1,ce,atual,2303204,https://www.caririacu.ce.gov.br/diariooficial.php
Canindé,2017-08-03,2024-09-19,ADIARIOS_v1,ce,atual,2302800,https://www.caninde.ce.gov.br/diariooficial.php
Canindé,2017-08-03,2024-09-19,ADIARIOS_v1,ce,atual,2302800,https://www.caninde.ce.gov.br/diariooficial.php
Caririaçu,2018-01-23,2024-09-23,ADIARIOS_v1,ce,atual,2303204,https://www.caririacu.ce.gov.br/diariooficial.php
Caririaçu,2018-01-23,2024-09-23,ADIARIOS_v1,ce,atual,2303204,https://www.caririacu.ce.gov.br/diariooficial.php
Caririaçu,2018-01-23,2024-09-23,ADIARIOS_v1,ce,atual,2303204,https://www.caririacu.ce.gov.br/diariooficial.php
Caucaia,2002-06-03,2024-09-23,ADIARIOS_v1,ce,atual,2303709,https://www.caucaia.ce.gov.br/diariooficial.php
Caucaia,2002-06-03,2024-09-23,ADIARIOS_v1,ce,atual,2303709,https://www.caucaia.ce.gov.br/diariooficial.php
Caucaia,2002-06-03,2024-09-23,ADIARIOS_v1,ce,atual,2303709,https://www.caucaia.ce.gov.br/diariooficial.php
Caucaia,2002-06-03,2024-09-23,ADIARIOS_v1,ce,atual,2303709,https://www.caucaia.ce.gov.br/diariooficial.php
Cedro,0202-06-07,2024-09-23,ADIARIOS_v1,ce,atual,2303808,https://www.cedro.ce.gov.br/diariooficial.php
Cedro,0202-06-07,2024-09-23,ADIARIOS_v1,ce,atual,2303808,https://www.cedro.ce.gov.br/diariooficial.php
Cedro,0202-06-07,2024-09-23,ADIARIOS_v1,ce,atual,2303808,https://www.cedro.ce.gov.br/diariooficial.php
Cedro,0202-06-07,2024-09-23,ADIARIOS_v1,ce,atual,2303808,https://www.cedro.ce.gov.br/diariooficial.php
Coreaú,2024-05-03,2024-07-29,ADIARIOS_v1,ce,descontinuado,2304004,https://www.coreau.ce.gov.br/diariooficial.php
Coreaú,2024-05-03,2024-07-29,ADIARIOS_v1,ce,descontinuado,2304004,https://www.coreau.ce.gov.br/diariooficial.php
Coreaú,2024-05-03,2024-07-29,ADIARIOS_v1,ce,descontinuado,2304004,https://www.coreau.ce.gov.br/diariooficial.php
Coreaú,2024-05-03,2024-07-29,ADIARIOS_v1,ce,descontinuado,2304004,https://www.coreau.ce.gov.br/diariooficial.php
Crateús,2017-12-21,2024-09-20,ADIARIOS_v1,ce,atual,2304103,https://www.crateus.ce.gov.br/diariooficial.php
Crateús,2017-12-21,2024-09-20,ADIARIOS_v1,ce,atual,2304103,https://www.crateus.ce.gov.br/diariooficial.php
Crateús,2017-12-21,2024-09-20,ADIARIOS_v1,ce,atual,2304103,https://www.crateus.ce.gov.br/diariooficial.php
Crateús,2017-12-21,2024-09-20,ADIARIOS_v1,ce,atual,2304103,https://www.crateus.ce.gov.br/diariooficial.php
Frecheirinha,2020-04-15,2020-04-15,ADIARIOS_v1,ce,descontinuado,2304509,https://www.frecheirinha.ce.gov.br/diariooficial.php
Frecheirinha,2020-04-15,2020-04-15,ADIARIOS_v1,ce,descontinuado,2304509,https://www.frecheirinha.ce.gov.br/diariooficial.php
Frecheirinha,2020-04-15,2020-04-15,ADIARIOS_v1,ce,descontinuado,2304509,https://www.frecheirinha.ce.gov.br/diariooficial.php
Frecheirinha,2020-04-15,2020-04-15,ADIARIOS_v1,ce,descontinuado,2304509,https://www.frecheirinha.ce.gov.br/diariooficial.php
General Sampaio,2016-09-15,2024-09-17,ADIARIOS_v1,ce,atual,2304608,https://www.generalsampaio.ce.gov.br/diariooficial.php
General Sampaio,2016-09-15,2024-09-17,ADIARIOS_v1,ce,atual,2304608,https://www.generalsampaio.ce.gov.br/diariooficial.php
Hidrolândia,2007-04-09,2024-09-23,ADIARIOS_v1,ce,atual,2305209,https://www.hidrolandia.ce.gov.br/diariooficial.php
Hidrolândia,2007-04-09,2024-09-23,ADIARIOS_v1,ce,atual,2305209,https://www.hidrolandia.ce.gov.br/diariooficial.php
Hidrolândia,2007-04-09,2024-09-23,ADIARIOS_v1,ce,atual,2305209,https://www.hidrolandia.ce.gov.br/diariooficial.php
Hidrolândia,2007-04-09,2024-09-23,ADIARIOS_v1,ce,atual,2305209,https://www.hidrolandia.ce.gov.br/diariooficial.php
Ibiapina,2022-11-25,2024-04-24,ADIARIOS_v1,ce,descontinuado,2305308,https://www.ibiapina.ce.gov.br/diariooficial.php
Ibiapina,2022-11-25,2024-04-24,ADIARIOS_v1,ce,descontinuado,2305308,https://www.ibiapina.ce.gov.br/diariooficial.php
Ibiapina,2022-11-25,2024-04-24,ADIARIOS_v1,ce,descontinuado,2305308,https://www.ibiapina.ce.gov.br/diariooficial.php
Ibiapina,2022-11-25,2024-04-24,ADIARIOS_v1,ce,descontinuado,2305308,https://www.ibiapina.ce.gov.br/diariooficial.php
Itaitinga,2018-04-25,2024-09-23,ADIARIOS_v1,ce,atual,2306256,https://www.itaitinga.ce.gov.br/diariooficial.php
Itaitinga,2018-04-25,2024-09-23,ADIARIOS_v1,ce,atual,2306256,https://www.itaitinga.ce.gov.br/diariooficial.php
Itaitinga,2018-04-25,2024-09-23,ADIARIOS_v1,ce,atual,2306256,https://www.itaitinga.ce.gov.br/diariooficial.php
Itaitinga,2018-04-25,2024-09-23,ADIARIOS_v1,ce,atual,2306256,https://www.itaitinga.ce.gov.br/diariooficial.php
Itatira,2024-04-03,2024-04-03,ADIARIOS_v1,ce,descontinuado,2306603,https://www.itatira.ce.gov.br/diariooficial.php
Itatira,2024-04-03,2024-04-03,ADIARIOS_v1,ce,descontinuado,2306603,https://www.itatira.ce.gov.br/diariooficial.php
Itatira,2024-04-03,2024-04-03,ADIARIOS_v1,ce,descontinuado,2306603,https://www.itatira.ce.gov.br/diariooficial.php
Itatira,2024-04-03,2024-04-03,ADIARIOS_v1,ce,descontinuado,2306603,https://www.itatira.ce.gov.br/diariooficial.php
Jaguaribe,2006-06-23,2024-09-23,ADIARIOS_v1,ce,atual,2306900,https://www.jaguaribe.ce.gov.br/diariooficial.php
Jaguaribe,2006-06-23,2024-09-23,ADIARIOS_v1,ce,atual,2306900,https://www.jaguaribe.ce.gov.br/diariooficial.php
Jaguaribe,2006-06-23,2024-09-23,ADIARIOS_v1,ce,atual,2306900,https://www.jaguaribe.ce.gov.br/diariooficial.php
Jaguaribe,2006-06-23,2024-09-23,ADIARIOS_v1,ce,atual,2306900,https://www.jaguaribe.ce.gov.br/diariooficial.php
Juazeiro do Norte,2021-01-12,2024-09-23,ADIARIOS_v1,ce,atual,2307304,https://www.juazeirodonorte.ce.gov.br/diariooficial.php
Juazeiro do Norte,2021-01-12,2024-09-23,ADIARIOS_v1,ce,atual,2307304,https://www.juazeirodonorte.ce.gov.br/diariooficial.php
Limoeiro do Norte,2017-04-10,2024-09-23,ADIARIOS_v1,ce,atual,2307601,https://www.limoeirodonorte.ce.gov.br/diariooficial.php
Limoeiro do Norte,2017-04-10,2024-09-23,ADIARIOS_v1,ce,atual,2307601,https://www.limoeirodonorte.ce.gov.br/diariooficial.php
Monsenhor Tabosa,2022-01-03,2023-07-10,ADIARIOS_v1,ce,descontinuado,2308609,https://www.monsenhortabosa.ce.gov.br/diariooficial.php
Mombaça,2017-03-24,2018-01-10,ADIARIOS_v1,ce,descontinuado,2308500,https://www.mombaca.ce.gov.br/diariooficial.php
Mombaça,2017-03-24,2018-01-10,ADIARIOS_v1,ce,descontinuado,2308500,https://www.mombaca.ce.gov.br/diariooficial.php
Monsenhor Tabosa,2022-01-03,2023-07-10,ADIARIOS_v1,ce,descontinuado,2308609,https://www.monsenhortabosa.ce.gov.br/diariooficial.php
Mombaça,2017-03-24,2018-01-10,ADIARIOS_v1,ce,descontinuado,2308500,https://www.mombaca.ce.gov.br/diariooficial.php
Mombaça,2017-03-24,2018-01-10,ADIARIOS_v1,ce,descontinuado,2308500,https://www.mombaca.ce.gov.br/diariooficial.php
Milagres,2016-05-20,2024-08-30,ADIARIOS_v1,ce,atual,2308302,https://www.milagres.ce.gov.br/diariooficial.php
Milagres,2016-05-20,2024-08-30,ADIARIOS_v1,ce,atual,2308302,https://www.milagres.ce.gov.br/diariooficial.php
Milagres,2016-05-20,2024-08-30,ADIARIOS_v1,ce,atual,2308302,https://www.milagres.ce.gov.br/diariooficial.php
Milagres,2016-05-20,2024-08-30,ADIARIOS_v1,ce,atual,2308302,https://www.milagres.ce.gov.br/diariooficial.php
Morrinhos,2021-07-27,2022-03-31,ADIARIOS_v1,ce,descontinuado,2308906,https://www.morrinhos.ce.gov.br/diariooficial.php
Morrinhos,2021-07-27,2022-03-31,ADIARIOS_v1,ce,descontinuado,2308906,https://www.morrinhos.ce.gov.br/diariooficial.php
Morrinhos,2021-07-27,2022-03-31,ADIARIOS_v1,ce,descontinuado,2308906,https://www.morrinhos.ce.gov.br/diariooficial.php
Morrinhos,2021-07-27,2022-03-31,ADIARIOS_v1,ce,descontinuado,2308906,https://www.morrinhos.ce.gov.br/diariooficial.php
Pacajus,2018-10-26,2024-09-23,ADIARIOS_v1,ce,atual,2309607,https://www.pacajus.ce.gov.br/diariooficial.php
Pacajus,2018-10-26,2024-09-23,ADIARIOS_v1,ce,atual,2309607,https://www.pacajus.ce.gov.br/diariooficial.php
Pacajus,2018-10-26,2024-09-23,ADIARIOS_v1,ce,atual,2309607,https://www.pacajus.ce.gov.br/diariooficial.php
Pacajus,2018-10-26,2024-09-23,ADIARIOS_v1,ce,atual,2309607,https://www.pacajus.ce.gov.br/diariooficial.php
Mulungu,2021-02-04,2021-04-08,ADIARIOS_v1,ce,descontinuado,2309102,https://www.mulungu.ce.gov.br/diariooficial.php
Mulungu,2021-02-04,2021-04-08,ADIARIOS_v1,ce,descontinuado,2309102,https://www.mulungu.ce.gov.br/diariooficial.php
Mulungu,2021-02-04,2021-04-08,ADIARIOS_v1,ce,descontinuado,2309102,https://www.mulungu.ce.gov.br/diariooficial.php
Mulungu,2021-02-04,2021-04-08,ADIARIOS_v1,ce,descontinuado,2309102,https://www.mulungu.ce.gov.br/diariooficial.php
Pereiro,2020-01-03,2024-09-19,ADIARIOS_v1,ce,atual,2310803,https://www.pereiro.ce.gov.br/diariooficial.php
Pereiro,2020-01-03,2024-09-19,ADIARIOS_v1,ce,atual,2310803,https://www.pereiro.ce.gov.br/diariooficial.php
Pereiro,2020-01-03,2024-09-19,ADIARIOS_v1,ce,atual,2310803,https://www.pereiro.ce.gov.br/diariooficial.php
Pereiro,2020-01-03,2024-09-19,ADIARIOS_v1,ce,atual,2310803,https://www.pereiro.ce.gov.br/diariooficial.php
Paramoti,2023-01-02,2024-09-23,ADIARIOS_v1,ce,atual,2310407,https://www.paramoti.ce.gov.br/diariooficial.php
Paramoti,2023-01-02,2024-09-23,ADIARIOS_v1,ce,atual,2310407,https://www.paramoti.ce.gov.br/diariooficial.php
Paramoti,2023-01-02,2024-09-23,ADIARIOS_v1,ce,atual,2310407,https://www.paramoti.ce.gov.br/diariooficial.php
Paramoti,2023-01-02,2024-09-23,ADIARIOS_v1,ce,atual,2310407,https://www.paramoti.ce.gov.br/diariooficial.php
Santa Quitéria,2021-05-23,2022-12-30,ADIARIOS_v1,ce,descontinuado,2312205,https://www.santaquiteria.ce.gov.br/diariooficial.php
Santa Quitéria,2021-05-23,2022-12-30,ADIARIOS_v1,ce,descontinuado,2312205,https://www.santaquiteria.ce.gov.br/diariooficial.php
São Benedito,0018-02-15,2024-09-23,ADIARIOS_v1,ce,atual,2312304,https://www.saobenedito.ce.gov.br/diariooficial.php
São Benedito,0018-02-15,2024-09-23,ADIARIOS_v1,ce,atual,2312304,https://www.saobenedito.ce.gov.br/diariooficial.php
Tauá,2019-08-30,2024-09-23,ADIARIOS_v1,ce,atual,2313302,https://www.taua.ce.gov.br/diariooficial.php
Tauá,2019-08-30,2024-09-23,ADIARIOS_v1,ce,atual,2313302,https://www.taua.ce.gov.br/diariooficial.php
Tauá,2019-08-30,2024-09-23,ADIARIOS_v1,ce,atual,2313302,https://www.taua.ce.gov.br/diariooficial.php
Tauá,2019-08-30,2024-09-23,ADIARIOS_v1,ce,atual,2313302,https://www.taua.ce.gov.br/diariooficial.php
Tejuçuoca,2022-07-29,2022-07-29,ADIARIOS_v1,ce,descontinuado,2313351,https://www.tejucuoca.ce.gov.br/diariooficial.php
Tejuçuoca,2022-07-29,2022-07-29,ADIARIOS_v1,ce,descontinuado,2313351,https://www.tejucuoca.ce.gov.br/diariooficial.php
Tejuçuoca,2022-07-29,2022-07-29,ADIARIOS_v1,ce,descontinuado,2313351,https://www.tejucuoca.ce.gov.br/diariooficial.php
Tejuçuoca,2022-07-29,2022-07-29,ADIARIOS_v1,ce,descontinuado,2313351,https://www.tejucuoca.ce.gov.br/diariooficial.php
Tianguá,2021-11-03,2024-09-23,ADIARIOS_v1,ce,atual,2313401,https://www.tiangua.ce.gov.br/diariooficial.php
Tianguá,2021-11-03,2024-09-23,ADIARIOS_v1,ce,atual,2313401,https://www.tiangua.ce.gov.br/diariooficial.php
Tianguá,2021-11-03,2024-09-23,ADIARIOS_v1,ce,atual,2313401,https://www.tiangua.ce.gov.br/diariooficial.php
Tianguá,2021-11-03,2024-09-23,ADIARIOS_v1,ce,atual,2313401,https://www.tiangua.ce.gov.br/diariooficial.php
Caiçara do Rio do Vento,2023-03-22,2023-05-02,ADIARIOS_v1,rn,descontinuado,2401909,https://www.caicaradoriodovento.rn.gov.br/diariooficial.php
Uruoca,2017-01-02,2024-09-23,ADIARIOS_v1,ce,atual,2313906,https://www.uruoca.ce.gov.br/diariooficial.php
Caiçara do Rio do Vento,2023-03-22,2023-05-02,ADIARIOS_v1,rn,descontinuado,2401909,https://www.caicaradoriodovento.rn.gov.br/diariooficial.php
Uruoca,2017-01-02,2024-09-23,ADIARIOS_v1,ce,atual,2313906,https://www.uruoca.ce.gov.br/diariooficial.php
Uruoca,2017-01-02,2024-09-23,ADIARIOS_v1,ce,atual,2313906,https://www.uruoca.ce.gov.br/diariooficial.php
Uruoca,2017-01-02,2024-09-23,ADIARIOS_v1,ce,atual,2313906,https://www.uruoca.ce.gov.br/diariooficial.php
Francisco Dantas,1983-05-05,2024-09-03,ADIARIOS_v1,rn,atual,2403905,https://www.franciscodantas.rn.gov.br/diariooficial.php
Francisco Dantas,1983-05-05,2024-09-03,ADIARIOS_v1,rn,atual,2403905,https://www.franciscodantas.rn.gov.br/diariooficial.php
Carnaubais,2017-01-05,2024-09-20,ADIARIOS_v1,rn,atual,2402501,https://www.carnaubais.rn.gov.br/diariooficial.php
Carnaubais,2017-01-05,2024-09-20,ADIARIOS_v1,rn,atual,2402501,https://www.carnaubais.rn.gov.br/diariooficial.php
Carnaubais,2017-01-05,2024-09-20,ADIARIOS_v1,rn,atual,2402501,https://www.carnaubais.rn.gov.br/diariooficial.php
Carnaubais,2017-01-05,2024-09-20,ADIARIOS_v1,rn,atual,2402501,https://www.carnaubais.rn.gov.br/diariooficial.php
João Dias,2022-03-21,2024-09-23,ADIARIOS_v1,rn,atual,2405900,https://www.joaodias.rn.gov.br/diariooficial.php
João Dias,2022-03-21,2024-09-23,ADIARIOS_v1,rn,atual,2405900,https://www.joaodias.rn.gov.br/diariooficial.php
Jandaíra,2022-12-20,2023-03-17,ADIARIOS_v1,rn,descontinuado,2405108,https://www.jandaira.rn.gov.br/diariooficial.php
Jandaíra,2022-12-20,2023-03-17,ADIARIOS_v1,rn,descontinuado,2405108,https://www.jandaira.rn.gov.br/diariooficial.php
Jandaíra,2022-12-20,2023-03-17,ADIARIOS_v1,rn,descontinuado,2405108,https://www.jandaira.rn.gov.br/diariooficial.php
Jandaíra,2022-12-20,2023-03-17,ADIARIOS_v1,rn,descontinuado,2405108,https://www.jandaira.rn.gov.br/diariooficial.php
Itaú,2021-01-04,2024-09-23,ADIARIOS_v1,rn,atual,2404903,https://www.itau.rn.gov.br/diariooficial.php
Itaú,2021-01-04,2024-09-23,ADIARIOS_v1,rn,atual,2404903,https://www.itau.rn.gov.br/diariooficial.php
Itaú,2021-01-04,2024-09-23,ADIARIOS_v1,rn,atual,2404903,https://www.itau.rn.gov.br/diariooficial.php
Itaú,2021-01-04,2024-09-23,ADIARIOS_v1,rn,atual,2404903,https://www.itau.rn.gov.br/diariooficial.php
Luís Gomes,2018-04-03,2024-09-23,ADIARIOS_v1,rn,atual,2407005,https://www.luisgomes.rn.gov.br/diariooficial.php
Major Sales,0202-08-04,2024-09-19,ADIARIOS_v1,rn,atual,2407252,https://www.majorsales.rn.gov.br/diariooficial.php
Major Sales,0202-08-04,2024-09-19,ADIARIOS_v1,rn,atual,2407252,https://www.majorsales.rn.gov.br/diariooficial.php
Luís Gomes,2018-04-03,2024-09-23,ADIARIOS_v1,rn,atual,2407005,https://www.luisgomes.rn.gov.br/diariooficial.php
Nova Cruz,2013-04-01,2024-09-23,ADIARIOS_v1,rn,atual,2408300,https://www.novacruz.rn.gov.br/diariooficial.php
Nova Cruz,2013-04-01,2024-09-23,ADIARIOS_v1,rn,atual,2408300,https://www.novacruz.rn.gov.br/diariooficial.php
Passa e Fica,2014-01-04,2024-09-17,ADIARIOS_v1,rn,atual,2409100,https://www.passaefica.rn.gov.br/diariooficial.php
Passa e Fica,2014-01-04,2024-09-17,ADIARIOS_v1,rn,atual,2409100,https://www.passaefica.rn.gov.br/diariooficial.php
Pau dos Ferros,2022-09-28,2024-09-23,ADIARIOS_v1,rn,atual,2409407,https://www.paudosferros.rn.gov.br/diariooficial.php
Pau dos Ferros,2022-09-28,2024-09-23,ADIARIOS_v1,rn,atual,2409407,https://www.paudosferros.rn.gov.br/diariooficial.php
Rodolfo Fernandes,2015-02-05,2024-09-20,ADIARIOS_v1,rn,atual,2411007,https://www.rodolfofernandes.rn.gov.br/diariooficial.php
Serra Caiada,2023-01-31,2023-02-17,ADIARIOS_v1,rn,descontinuado,2410306,https://www.serracaiada.rn.gov.br/diariooficial.php
Rodolfo Fernandes,2015-02-05,2024-09-20,ADIARIOS_v1,rn,atual,2411007,https://www.rodolfofernandes.rn.gov.br/diariooficial.php
Serra Caiada,2023-01-31,2023-02-17,ADIARIOS_v1,rn,descontinuado,2410306,https://www.serracaiada.rn.gov.br/diariooficial.php
Santa Cruz,2022-01-04,2024-09-23,ADIARIOS_v1,rn,atual,2411205,https://www.santacruz.rn.gov.br/diariooficial.php
Santa Cruz,2022-01-04,2024-09-23,ADIARIOS_v1,rn,atual,2411205,https://www.santacruz.rn.gov.br/diariooficial.php
São Francisco do Oeste,2023-02-07,2024-09-24,ADIARIOS_v1,rn,atual,2411908,https://www.saofranciscodooeste.rn.gov.br/diariooficial.php
São Francisco do Oeste,2023-02-07,2024-09-24,ADIARIOS_v1,rn,atual,2411908,https://www.saofranciscodooeste.rn.gov.br/diariooficial.php
Sítio Novo,2022-12-29,2023-10-18,ADIARIOS_v1,rn,descontinuado,2413706,https://www.sitionovo.rn.gov.br/diariooficial.php
Sítio Novo,2022-12-29,2023-10-18,ADIARIOS_v1,rn,descontinuado,2413706,https://www.sitionovo.rn.gov.br/diariooficial.php
Alagoa Nova,2024-01-09,2024-09-24,ADIARIOS_v1,pb,atual,2500403,https://www.alagoanova.pb.gov.br/diariooficial.php
Alagoa Nova,2024-01-09,2024-09-24,ADIARIOS_v1,pb,atual,2500403,https://www.alagoanova.pb.gov.br/diariooficial.php
Taboleiro Grande,2013-01-28,2024-09-18,ADIARIOS_v1,rn,atual,2413805,https://www.taboleirogrande.rn.gov.br/diariooficial.php
Taboleiro Grande,2013-01-28,2024-09-18,ADIARIOS_v1,rn,atual,2413805,https://www.taboleirogrande.rn.gov.br/diariooficial.php
Bom Jesus,0014-02-10,2024-08-19,ADIARIOS_v1,pb,atual,2502201,https://www.prefeiturabomjesus.pb.gov.br/diariooficial.php
Bom Jesus,0014-02-10,2024-08-19,ADIARIOS_v1,pb,atual,2502201,https://www.prefeiturabomjesus.pb.gov.br/diariooficial.php
Cachoeira dos Índios,0202-08-23,2024-09-17,ADIARIOS_v1,pb,atual,2503308,https://www.cachoeiradosindios.pb.gov.br/diariooficial.php
Borborema,2013-03-31,2024-09-10,ADIARIOS_v1,pb,atual,2502706,https://www.borborema.pb.gov.br/diariooficial.php
Cachoeira dos Índios,0202-08-23,2024-09-17,ADIARIOS_v1,pb,atual,2503308,https://www.cachoeiradosindios.pb.gov.br/diariooficial.php
Cacimba de Dentro,2024-02-05,2024-09-18,ADIARIOS_v1,pb,atual,2503506,https://www.cacimbadedentro.pb.gov.br/diariooficial.php
Borborema,2013-03-31,2024-09-10,ADIARIOS_v1,pb,atual,2502706,https://www.borborema.pb.gov.br/diariooficial.php
Borborema,2013-03-31,2024-09-10,ADIARIOS_v1,pb,atual,2502706,https://www.borborema.pb.gov.br/diariooficial.php
Borborema,2013-03-31,2024-09-10,ADIARIOS_v1,pb,atual,2502706,https://www.borborema.pb.gov.br/diariooficial.php
Cacimba de Dentro,2024-02-05,2024-09-18,ADIARIOS_v1,pb,atual,2503506,https://www.cacimbadedentro.pb.gov.br/diariooficial.php
Cajazeiras,2017-02-02,2024-08-01,ADIARIOS_v1,pb,atual,2503704,https://www.cajazeiras.pb.gov.br/diariooficial.php
Cajazeiras,2017-02-02,2024-08-01,ADIARIOS_v1,pb,atual,2503704,https://www.cajazeiras.pb.gov.br/diariooficial.php
Cajazeiras,2017-02-02,2024-08-01,ADIARIOS_v1,pb,atual,2503704,https://www.cajazeiras.pb.gov.br/diariooficial.php
Cajazeiras,2017-02-02,2024-08-01,ADIARIOS_v1,pb,atual,2503704,https://www.cajazeiras.pb.gov.br/diariooficial.php
Capim,2020-08-18,2024-09-16,ADIARIOS_v1,pb,atual,2504033,https://www.capim.pb.gov.br/diariooficial.php
Capim,2020-08-18,2024-09-16,ADIARIOS_v1,pb,atual,2504033,https://www.capim.pb.gov.br/diariooficial.php
Capim,2020-08-18,2024-09-16,ADIARIOS_v1,pb,atual,2504033,https://www.capim.pb.gov.br/diariooficial.php
Capim,2020-08-18,2024-09-16,ADIARIOS_v1,pb,atual,2504033,https://www.capim.pb.gov.br/diariooficial.php
Cajazeirinhas,2024-02-06,2024-09-23,ADIARIOS_v1,pb,atual,2503753,https://www.cajazeirinhas.pb.gov.br/diariooficial.php
Cajazeirinhas,2024-02-06,2024-09-23,ADIARIOS_v1,pb,atual,2503753,https://www.cajazeirinhas.pb.gov.br/diariooficial.php
Cajazeirinhas,2024-02-06,2024-09-23,ADIARIOS_v1,pb,atual,2503753,https://www.cajazeirinhas.pb.gov.br/diariooficial.php
Cajazeirinhas,2024-02-06,2024-09-23,ADIARIOS_v1,pb,atual,2503753,https://www.cajazeirinhas.pb.gov.br/diariooficial.php
Coremas,1202-11-16,2024-09-09,ADIARIOS_v1,pb,atual,2504801,https://www.coremas.pb.gov.br/diariooficial.php
Coremas,1202-11-16,2024-09-09,ADIARIOS_v1,pb,atual,2504801,https://www.coremas.pb.gov.br/diariooficial.php
Coremas,1202-11-16,2024-09-09,ADIARIOS_v1,pb,atual,2504801,https://www.coremas.pb.gov.br/diariooficial.php
Coremas,1202-11-16,2024-09-09,ADIARIOS_v1,pb,atual,2504801,https://www.coremas.pb.gov.br/diariooficial.php
Cuité de Mamanguape,2024-01-02,2024-09-17,ADIARIOS_v1,pb,atual,2505238,https://www.cuitedemamanguape.pb.gov.br/diariooficial.php
Cuité de Mamanguape,2024-01-02,2024-09-17,ADIARIOS_v1,pb,atual,2505238,https://www.cuitedemamanguape.pb.gov.br/diariooficial.php
Jacaraú,2019-03-07,2024-09-23,ADIARIOS_v1,pb,atual,2507309,https://www.jacarau.pb.gov.br/diariooficial.php
Jacaraú,2019-03-07,2024-09-23,ADIARIOS_v1,pb,atual,2507309,https://www.jacarau.pb.gov.br/diariooficial.php
Jacaraú,2019-03-07,2024-09-23,ADIARIOS_v1,pb,atual,2507309,https://www.jacarau.pb.gov.br/diariooficial.php
Jacaraú,2019-03-07,2024-09-23,ADIARIOS_v1,pb,atual,2507309,https://www.jacarau.pb.gov.br/diariooficial.php
Jericó,2021-06-01,2024-08-13,ADIARIOS_v1,pb,atual,2507408,https://www.jerico.pb.gov.br/diariooficial.php
Jericó,2021-06-01,2024-08-13,ADIARIOS_v1,pb,atual,2507408,https://www.jerico.pb.gov.br/diariooficial.php
Jericó,2021-06-01,2024-08-13,ADIARIOS_v1,pb,atual,2507408,https://www.jerico.pb.gov.br/diariooficial.php
Jericó,2021-06-01,2024-08-13,ADIARIOS_v1,pb,atual,2507408,https://www.jerico.pb.gov.br/diariooficial.php
Marizópolis,2021-01-27,2024-09-23,ADIARIOS_v1,pb,atual,2509156,https://www.marizopolis.pb.gov.br/diariooficial.php
Marizópolis,2021-01-27,2024-09-23,ADIARIOS_v1,pb,atual,2509156,https://www.marizopolis.pb.gov.br/diariooficial.php
Marizópolis,2021-01-27,2024-09-23,ADIARIOS_v1,pb,atual,2509156,https://www.marizopolis.pb.gov.br/diariooficial.php
Marizópolis,2021-01-27,2024-09-23,ADIARIOS_v1,pb,atual,2509156,https://www.marizopolis.pb.gov.br/diariooficial.php
Pilõezinhos,2022-06-01,2024-09-16,ADIARIOS_v1,pb,atual,2511707,https://www.piloezinhos.pb.gov.br/diariooficial.php
São José dos Ramos,2021-01-04,2024-09-24,ADIARIOS_v1,pb,atual,2514453,https://www.saojosedosramos.pb.gov.br/diariooficial.php
Pilõezinhos,2022-06-01,2024-09-16,ADIARIOS_v1,pb,atual,2511707,https://www.piloezinhos.pb.gov.br/diariooficial.php
Pilõezinhos,2022-06-01,2024-09-16,ADIARIOS_v1,pb,atual,2511707,https://www.piloezinhos.pb.gov.br/diariooficial.php
Pilõezinhos,2022-06-01,2024-09-16,ADIARIOS_v1,pb,atual,2511707,https://www.piloezinhos.pb.gov.br/diariooficial.php
São José dos Ramos,2021-01-04,2024-09-24,ADIARIOS_v1,pb,atual,2514453,https://www.saojosedosramos.pb.gov.br/diariooficial.php
Riachão,2024-02-29,2024-09-19,ADIARIOS_v1,pb,atual,2512747,https://www.riachao.pb.gov.br/diariooficial.php
Riachão,2024-02-29,2024-09-19,ADIARIOS_v1,pb,atual,2512747,https://www.riachao.pb.gov.br/diariooficial.php
Riachão,2024-02-29,2024-09-19,ADIARIOS_v1,pb,atual,2512747,https://www.riachao.pb.gov.br/diariooficial.php
Riachão,2024-02-29,2024-09-19,ADIARIOS_v1,pb,atual,2512747,https://www.riachao.pb.gov.br/diariooficial.php
Serraria,2024-03-01,2024-09-03,ADIARIOS_v1,pb,atual,2515906,https://www.serraria.pb.gov.br/diariooficial.php
Serraria,2024-03-01,2024-09-03,ADIARIOS_v1,pb,atual,2515906,https://www.serraria.pb.gov.br/diariooficial.php
Serraria,2024-03-01,2024-09-03,ADIARIOS_v1,pb,atual,2515906,https://www.serraria.pb.gov.br/diariooficial.php
Serraria,2024-03-01,2024-09-03,ADIARIOS_v1,pb,atual,2515906,https://www.serraria.pb.gov.br/diariooficial.php
Solânea,2021-05-13,2024-09-03,ADIARIOS_v1,pb,atual,2516003,https://www.solanea.pb.gov.br/diariooficial.php
Solânea,2021-05-13,2024-09-03,ADIARIOS_v1,pb,atual,2516003,https://www.solanea.pb.gov.br/diariooficial.php
Solânea,2021-05-13,2024-09-03,ADIARIOS_v1,pb,atual,2516003,https://www.solanea.pb.gov.br/diariooficial.php
Solânea,2021-05-13,2024-09-03,ADIARIOS_v1,pb,atual,2516003,https://www.solanea.pb.gov.br/diariooficial.php
Sertãozinho,2024-02-01,2027-07-05,ADIARIOS_v1,pb,descontinuado,2515930,https://www.sertaozinho.pb.gov.br/diariooficial.php
Sertãozinho,2024-02-01,2027-07-05,ADIARIOS_v1,pb,descontinuado,2515930,https://www.sertaozinho.pb.gov.br/diariooficial.php
Sertãozinho,2024-02-01,2027-07-05,ADIARIOS_v1,pb,descontinuado,2515930,https://www.sertaozinho.pb.gov.br/diariooficial.php
Sertãozinho,2024-02-01,2027-07-05,ADIARIOS_v1,pb,descontinuado,2515930,https://www.sertaozinho.pb.gov.br/diariooficial.php
Tacima,2021-03-19,2024-09-24,ADIARIOS_v1,pb,atual,2516409,https://www.pmtacima.pb.gov.br/diariooficial.php
Tacima,2021-03-19,2024-09-24,ADIARIOS_v1,pb,atual,2516409,https://www.pmtacima.pb.gov.br/diariooficial.php
Moreilândia,2021-04-09,2024-09-16,ADIARIOS_v1,pe,atual,2614303,https://www.moreilandia.pe.gov.br/diariooficial.php
Moreilândia,2021-04-09,2024-09-16,ADIARIOS_v1,pe,atual,2614303,https://www.moreilandia.pe.gov.br/diariooficial.php
Verdejante,2023-06-26,2023-06-26,ADIARIOS_v1,pe,descontinuado,2616100,https://www.verdejante.pe.gov.br/diariooficial.php
Moreilândia,2021-04-09,2024-09-16,ADIARIOS_v1,pe,atual,2614303,https://www.moreilandia.pe.gov.br/diariooficial.php
Moreilândia,2021-04-09,2024-09-16,ADIARIOS_v1,pe,atual,2614303,https://www.moreilandia.pe.gov.br/diariooficial.php
Verdejante,2023-06-26,2023-06-26,ADIARIOS_v1,pe,descontinuado,2616100,https://www.verdejante.pe.gov.br/diariooficial.php
Verdejante,2023-06-26,2023-06-26,ADIARIOS_v1,pe,descontinuado,2616100,https://www.verdejante.pe.gov.br/diariooficial.php
Verdejante,2023-06-26,2023-06-26,ADIARIOS_v1,pe,descontinuado,2616100,https://www.verdejante.pe.gov.br/diariooficial.php
